1	2026-09-22T21:06	неизвестно	первая версия: пять дней по часам, бронь, план на дождь, резерв и вопросы
2	2026-09-23T16:59	неизвестно	ранний режим без борьбы с джетлагом: мост на рассвете, Katz's к открытию, руфтоп на закате, Streecha в субботу
3	2026-09-23T17:21	неизвестно	граница и аэропорт: MPC нам пока не положен, CLEAR не окупается, туалеты
4	2026-09-26T13:26	неизвестно	английская версия для Якоба: /en/, только каркас дней и вопросы к нему
5	2026-09-26T13:44	неизвестно	переключатель RU полная / EN для Якоба на обеих страницах
6	2026-09-27T13:34	неизвестно	стейкхаус Gallaghers вместо Keens, Keens запасной
7	2026-09-27T13:42	неизвестно	стейкхаус Hawksmoor: в Gallaghers не было мест
8	2026-10-01T21:23	неизвестно	лечу один: Настя осталась с Максом; Бродвей и Hawksmoor на троих, английская версия в первом лице
9	2026-10-01T21:23	неизвестно	английская версия: заголовок в первом лице
10	2026-10-05T08:41	неизвестно	четверг: вечер в Bathhouse Williamsburg, без Бродвея и смотровых площадок
11	2026-10-05T08:42	неизвестно	беговые: чт и вс по 25 минут утром, опционально трусца в среду; с поправкой на колено
